iNfO1,INfo2
heLLo,bYe
teST,tEst
iNfO1,INfo2
heLLo,bYe
teST,tEst
iNfO1,INfo2
heLLo,bYe
teST,tEst
iNfO1,INfo2
heLLo,bYe
teST,tEst
iNfO1,INfo2
heLLo,bYe
teST,tEst
iNfO1,INfo2
heLLo,bYe
teST,tEst
iNfO1,INfo2
heLLo,bYe
teST,tEst
iNfO1,INfo2
heLLo,bYe
teST,tEst
iNfO1,INfo2
heLLo,bYe
teST,tEst
iNfO1,INfo2
heLLo,bYe
teST,tEst
iNfO1,INfo2
heLLo,bYe
teST,tEst
iNfO1,INfo2
heLLo,bYe
teST,tEst
iNfO1,INfo2
heLLo,bYe
teST,tEst
iNfO1,INfo2
heLLo,bYe
teST,tEst
iNfO1,INfo2
heLLo,bYe
teST,tEst
iNfO1,INfo2
heLLo,bYe
teST,tEst
iNfO1,INfo2
heLLo,bYe
teST,tEst
iNfO1,INfo2
heLLo,bYe
teST,tEst
iNfO1,INfo2
heLLo,bYe
teST,tEst
iNfO1,INfo2
heLLo,bYe
teST,tEst
iNfO1,INfo2
heLLo,bYe
teST,tEst
iNfO1,INfo2
heLLo,bYe
teST,tEst
iNfO1,INfo2
heLLo,bYe
teST,tEst
iNfO1,INfo2
heLLo,bYe
teST,tEst
iNfO1,INfo2
heLLo,bYe
teST,tEst
iNfO1,INfo2
heLLo,bYe
teST,tEst
iNfO1,INfo2
heLLo,bYe
teST,tEst
iNfO1,INfo2
heLLo,bYe
teST,tEst
iNfO1,INfo2
heLLo,bYe
teST,tEst
iNfO1,INfo2
heLLo,bYe
teST,tEst
iNfO1,INfo2
heLLo,bYe
teST,tEst
iNfO1,INfo2
heLLo,bYe
teST,tEst
iNfO1,INfo2
heLLo,bYe
teST,tEst
iNfO1,INfo2
heLLo,bYe
teST,tEst
iNfO1,INfo2
heLLo,bYe
teST,tEst
iNfO1,INfo2
heLLo,bYe
teST,tEst
iNfO1,INfo2
heLLo,bYe
teST,tEst
iNfO1,INfo2
heLLo,bYe
teST,tEst
iNfO1,INfo2
heLLo,bYe
teST,tEst
iNfO1,INfo2
heLLo,bYe
teST,tEst
iNfO1,INfo2
heLLo,bYe
teST,tEst
iNfO1,INfo2
heLLo,bYe
teST,tEst
iNfO1,INfo2
heLLo,bYe
teST,tEst
iNfO1,INfo2
heLLo,bYe
teST,tEst
iNfO1,INfo2
heLLo,bYe
teST,tEst
iNfO1,INfo2
heLLo,bYe
teST,tEst
iNfO1,INfo2
heLLo,bYe
teST,tEst
iNfO1,INfo2
heLLo,bYe
teST,tEst
iNfO1,INfo2
heLLo,bYe
teST,tEst
iNfO1,INfo2
heLLo,bYe
teST,tEst
iNfO1,INfo2
heLLo,bYe
teST,tEst
iNfO1,INfo2
heLLo,bYe
teST,tEst
iNfO1,INfo2
heLLo,bYe
teST,tEst
iNfO1,INfo2
heLLo,bYe
teST,tEst
iNfO1,INfo2
heLLo,bYe
teST,tEst
iNfO1,INfo2
heLLo,bYe
teST,tEst
iNfO1,INfo2
heLLo,bYe
teST,tEst
iNfO1,INfo2
heLLo,bYe
teST,tEst
iNfO1,INfo2
heLLo,bYe
teST,tEst
iNfO1,INfo2
heLLo,bYe
teST,tEst
iNfO1,INfo2
heLLo,bYe
teST,tEst
iNfO1,INfo2
heLLo,bYe
teST,tEst
iNfO1,INfo2
heLLo,bYe
teST,tEst
iNfO1,INfo2
heLLo,bYe
teST,tEst
iNfO1,INfo2
heLLo,bYe
teST,tEst
iNfO1,INfo2
heLLo,bYe
teST,tEst
iNfO1,INfo2
heLLo,bYe
teST,tEst
iNfO1,INfo2
heLLo,bYe
teST,tEst
iNfO1,INfo2
heLLo,bYe
teST,tEst
iNfO1,INfo2
heLLo,bYe
teST,tEst
iNfO1,INfo2
heLLo,bYe
teST,tEst
iNfO1,INfo2
heLLo,bYe
teST,tEst
iNfO1,INfo2
heLLo,bYe
teST,tEst
iNfO1,INfo2
heLLo,bYe
teST,tEst
iNfO1,INfo2
heLLo,bYe
teST,tEst
iNfO1,INfo2
heLLo,bYe
teST,tEst
iNfO1,INfo2
heLLo,bYe
teST,tEst
iNfO1,INfo2
heLLo,bYe
teST,tEst
iNfO1,INfo2
heLLo,bYe
teST,tEst
iNfO1,INfo2
heLLo,bYe
teST,tEst
iNfO1,INfo2
heLLo,bYe
teST,tEst
iNfO1,INfo2
heLLo,bYe
teST,tEst
iNfO1,INfo2
heLLo,bYe
teST,tEst
iNfO1,INfo2
heLLo,bYe
teST,tEst
iNfO1,INfo2
heLLo,bYe
teST,tEst
iNfO1,INfo2
heLLo,bYe
teST,tEst
iNfO1,INfo2
heLLo,bYe
teST,tEst
iNfO1,INfo2
heLLo,bYe
teST,tEst
iNfO1,INfo2
heLLo,bYe
teST,tEst
iNfO1,INfo2
heLLo,bYe
teST,tEst
iNfO1,INfo2
heLLo,bYe
teST,tEst
iNfO1,INfo2
heLLo,bYe
teST,tEst
iNfO1,INfo2
heLLo,bYe
teST,tEst
iNfO1,INfo2
heLLo,bYe
teST,tEst
iNfO1,INfo2
heLLo,bYe
teST,tEst
iNfO1,INfo2
heLLo,bYe
teST,tEst
iNfO1,INfo2
heLLo,bYe
teST,tEst
iNfO1,INfo2
heLLo,bYe
teST,tEst
iNfO1,INfo2
heLLo,bYe
teST,tEst
iNfO1,INfo2
heLLo,bYe
teST,tEst
iNfO1,INfo2
heLLo,bYe
teST,tEst
iNfO1,INfo2
heLLo,bYe
teST,tEst
iNfO1,INfo2
heLLo,bYe
teST,tEst
iNfO1,INfo2
heLLo,bYe
teST,tEst
iNfO1,INfo2
heLLo,bYe
teST,tEst
iNfO1,INfo2
heLLo,bYe
teST,tEst
iNfO1,INfo2
heLLo,bYe
teST,tEst
iNfO1,INfo2
heLLo,bYe
teST,tEst
iNfO1,INfo2
heLLo,bYe
teST,tEst
iNfO1,INfo2
heLLo,bYe
teST,tEst
iNfO1,INfo2
heLLo,bYe
teST,tEst
iNfO1,INfo2
heLLo,bYe
teST,tEst
iNfO1,INfo2
heLLo,bYe
teST,tEst
iNfO1,INfo2
heLLo,bYe
teST,tEst
iNfO1,INfo2
heLLo,bYe
teST,tEst
iNfO1,INfo2
heLLo,bYe
teST,tEst
iNfO1,INfo2
heLLo,bYe
teST,tEst
iNfO1,INfo2
heLLo,bYe
teST,tEst
iNfO1,INfo2
heLLo,bYe
teST,tEst
iNfO1,INfo2
heLLo,bYe
teST,tEst
iNfO1,INfo2
heLLo,bYe
teST,tEst
iNfO1,INfo2
heLLo,bYe
teST,tEst
iNfO1,INfo2
heLLo,bYe
teST,tEst
iNfO1,INfo2
heLLo,bYe
teST,tEst
iNfO1,INfo2
heLLo,bYe
teST,tEst
iNfO1,INfo2
heLLo,bYe
teST,tEst
iNfO1,INfo2
heLLo,bYe
teST,tEst
iNfO1,INfo2
heLLo,bYe
teST,tEst
iNfO1,INfo2
heLLo,bYe
teST,tEst
iNfO1,INfo2
heLLo,bYe
teST,tEst
iNfO1,INfo2
heLLo,bYe
teST,tEst
iNfO1,INfo2
heLLo,bYe
teST,tEst
iNfO1,INfo2
heLLo,bYe
teST,tEst
iNfO1,INfo2
heLLo,bYe
teST,tEst
iNfO1,INfo2
heLLo,bYe
teST,tEst
iNfO1,INfo2
heLLo,bYe
teST,tEst
iNfO1,INfo2
heLLo,bYe
teST,tEst
iNfO1,INfo2
heLLo,bYe
teST,tEst
iNfO1,INfo2
heLLo,bYe
teST,tEst
iNfO1,INfo2
heLLo,bYe
teST,tEst
iNfO1,INfo2
heLLo,bYe
teST,tEst
iNfO1,INfo2
heLLo,bYe
teST,tEst
iNfO1,INfo2
heLLo,bYe
teST,tEst
iNfO1,INfo2
heLLo,bYe
teST,tEst
iNfO1,INfo2
heLLo,bYe
teST,tEst
iNfO1,INfo2
heLLo,bYe
teST,tEst
iNfO1,INfo2
heLLo,bYe
teST,tEst
iNfO1,INfo2
heLLo,bYe
teST,tEst
iNfO1,INfo2
heLLo,bYe
teST,tEst
iNfO1,INfo2
heLLo,bYe
teST,tEst
iNfO1,INfo2
heLLo,bYe
teST,tEst
iNfO1,INfo2
heLLo,bYe
teST,tEst
iNfO1,INfo2
heLLo,bYe
teST,tEst
iNfO1,INfo2
heLLo,bYe
teST,tEst
iNfO1,INfo2
heLLo,bYe
teST,tEst
iNfO1,INfo2
heLLo,bYe
teST,tEst
iNfO1,INfo2
heLLo,bYe
teST,tEst
iNfO1,INfo2
heLLo,bYe
teST,tEst
iNfO1,INfo2
heLLo,bYe
teST,tEst
iNfO1,INfo2
heLLo,bYe
teST,tEst
iNfO1,INfo2
heLLo,bYe
teST,tEst
iNfO1,INfo2
heLLo,bYe
teST,tEst
iNfO1,INfo2
heLLo,bYe
teST,tEst
iNfO1,INfo2
heLLo,bYe
teST,tEst
iNfO1,INfo2
heLLo,bYe
teST,tEst
iNfO1,INfo2
heLLo,bYe
teST,tEst
iNfO1,INfo2
heLLo,bYe
teST,tEst
iNfO1,INfo2
heLLo,bYe
teST,tEst
iNfO1,INfo2
heLLo,bYe
teST,tEst
iNfO1,INfo2
heLLo,bYe
teST,tEst
iNfO1,INfo2
heLLo,bYe
teST,tEst
iNfO1,INfo2
heLLo,bYe
teST,tEst
iNfO1,INfo2
heLLo,bYe
teST,tEst
iNfO1,INfo2
heLLo,bYe
teST,tEst
iNfO1,INfo2
heLLo,bYe
teST,tEst
iNfO1,INfo2
heLLo,bYe
teST,tEst
iNfO1,INfo2
heLLo,bYe
teST,tEst
iNfO1,INfo2
heLLo,bYe
teST,tEst
iNfO1,INfo2
heLLo,bYe
teST,tEst
iNfO1,INfo2
heLLo,bYe
teST,tEst
iNfO1,INfo2
heLLo,bYe
teST,tEst
iNfO1,INfo2
heLLo,bYe
teST,tEst
iNfO1,INfo2
heLLo,bYe
teST,tEst
iNfO1,INfo2
heLLo,bYe
teST,tEst
iNfO1,INfo2
heLLo,bYe
teST,tEst
iNfO1,INfo2
heLLo,bYe
teST,tEst
iNfO1,INfo2
heLLo,bYe
teST,tEst
iNfO1,INfo2
heLLo,bYe
teST,tEst
iNfO1,INfo2
heLLo,bYe
teST,tEst
iNfO1,INfo2
heLLo,bYe
teST,tEst
iNfO1,INfo2
heLLo,bYe
teST,tEst
iNfO1,INfo2
heLLo,bYe
teST,tEst
iNfO1,INfo2
heLLo,bYe
teST,tEst
iNfO1,INfo2
heLLo,bYe
teST,tEst
iNfO1,INfo2
heLLo,bYe
teST,tEst
iNfO1,INfo2
heLLo,bYe
teST,tEst
iNfO1,INfo2
heLLo,bYe
teST,tEst
iNfO1,INfo2
heLLo,bYe
teST,tEst
iNfO1,INfo2
heLLo,bYe
teST,tEst
iNfO1,INfo2
heLLo,bYe
teST,tEst
iNfO1,INfo2
heLLo,bYe
teST,tEst
iNfO1,INfo2
heLLo,bYe
teST,tEst
iNfO1,INfo2
heLLo,bYe
teST,tEst
iNfO1,INfo2
heLLo,bYe
teST,tEst
iNfO1,INfo2
heLLo,bYe
teST,tEst
iNfO1,INfo2
heLLo,bYe
teST,tEst
iNfO1,INfo2
heLLo,bYe
teST,tEst
iNfO1,INfo2
heLLo,bYe
teST,tEst
iNfO1,INfo2
heLLo,bYe
teST,tEst
iNfO1,INfo2
heLLo,bYe
teST,tEst
iNfO1,INfo2
heLLo,bYe
teST,tEst
iNfO1,INfo2
heLLo,bYe
teST,tEst
iNfO1,INfo2
heLLo,bYe
teST,tEst
iNfO1,INfo2
heLLo,bYe
teST,tEst
iNfO1,INfo2
heLLo,bYe
teST,tEst
iNfO1,INfo2
heLLo,bYe
teST,tEst
iNfO1,INfo2
heLLo,bYe
teST,tEst
iNfO1,INfo2
heLLo,bYe
teST,tEst
iNfO1,INfo2
heLLo,bYe
teST,tEst
iNfO1,INfo2
heLLo,bYe
teST,tEst
iNfO1,INfo2
heLLo,bYe
teST,tEst
iNfO1,INfo2
heLLo,bYe
teST,tEst
iNfO1,INfo2
heLLo,bYe
teST,tEst
iNfO1,INfo2
heLLo,bYe
teST,tEst
iNfO1,INfo2
heLLo,bYe
teST,tEst
iNfO1,INfo2
heLLo,bYe
teST,tEst
iNfO1,INfo2
heLLo,bYe
teST,tEst
iNfO1,INfo2
heLLo,bYe
teST,tEst
iNfO1,INfo2
heLLo,bYe
teST,tEst
iNfO1,INfo2
heLLo,bYe
teST,tEst
iNfO1,INfo2
heLLo,bYe
teST,tEst
iNfO1,INfo2
heLLo,bYe
teST,tEst
iNfO1,INfo2
heLLo,bYe
teST,tEst
iNfO1,INfo2
heLLo,bYe
teST,tEst
iNfO1,INfo2
heLLo,bYe
teST,tEst
iNfO1,INfo2
heLLo,bYe
teST,tEst
iNfO1,INfo2
heLLo,bYe
teST,tEst
iNfO1,INfo2
heLLo,bYe
teST,tEst
iNfO1,INfo2
heLLo,bYe
teST,tEst
iNfO1,INfo2
heLLo,bYe
teST,tEst
iNfO1,INfo2
heLLo,bYe
teST,tEst
iNfO1,INfo2
heLLo,bYe
teST,tEst
iNfO1,INfo2
heLLo,bYe
teST,tEst
iNfO1,INfo2
heLLo,bYe
teST,tEst
iNfO1,INfo2
heLLo,bYe
teST,tEst
iNfO1,INfo2
heLLo,bYe
teST,tEst
iNfO1,INfo2
heLLo,bYe
teST,tEst
iNfO1,INfo2
heLLo,bYe
teST,tEst
iNfO1,INfo2
heLLo,bYe
teST,tEst
iNfO1,INfo2
heLLo,bYe
teST,tEst
iNfO1,INfo2
heLLo,bYe
teST,tEst
iNfO1,INfo2
heLLo,bYe
teST,tEst
iNfO1,INfo2
heLLo,bYe
teST,tEst
iNfO1,INfo2
heLLo,bYe
teST,tEst
iNfO1,INfo2
heLLo,bYe
teST,tEst
iNfO1,INfo2
heLLo,bYe
teST,tEst
iNfO1,INfo2
heLLo,bYe
teST,tEst
iNfO1,INfo2
heLLo,bYe
teST,tEst
iNfO1,INfo2
heLLo,bYe
teST,tEst
iNfO1,INfo2
heLLo,bYe
teST,tEst
iNfO1,INfo2
heLLo,bYe
teST,tEst
iNfO1,INfo2
heLLo,bYe
teST,tEst
iNfO1,INfo2
heLLo,bYe
teST,tEst
iNfO1,INfo2
heLLo,bYe
teST,tEst
iNfO1,INfo2
heLLo,bYe
teST,tEst
iNfO1,INfo2
heLLo,bYe
teST,tEst
iNfO1,INfo2
heLLo,bYe
teST,tEst
iNfO1,INfo2
heLLo,bYe
teST,tEst
iNfO1,INfo2
heLLo,bYe
teST,tEst
iNfO1,INfo2
heLLo,bYe
teST,tEst
iNfO1,INfo2
heLLo,bYe
teST,tEst
iNfO1,INfo2
heLLo,bYe
teST,tEst
iNfO1,INfo2
heLLo,bYe
teST,tEst
iNfO1,INfo2
heLLo,bYe
teST,tEst
iNfO1,INfo2
heLLo,bYe
teST,tEst
iNfO1,INfo2
heLLo,bYe
teST,tEst
iNfO1,INfo2
heLLo,bYe
teST,tEst
iNfO1,INfo2
heLLo,bYe
teST,tEst
iNfO1,INfo2
heLLo,bYe
teST,tEst
iNfO1,INfo2
heLLo,bYe
teST,tEst
iNfO1,INfo2
heLLo,bYe
teST,tEst
iNfO1,INfo2
heLLo,bYe
teST,tEst
iNfO1,INfo2
heLLo,bYe
teST,tEst
iNfO1,INfo2
heLLo,bYe
teST,tEst
iNfO1,INfo2
heLLo,bYe
teST,tEst
iNfO1,INfo2
heLLo,bYe
teST,tEst
iNfO1,INfo2
heLLo,bYe
teST,tEst
iNfO1,INfo2
heLLo,bYe
teST,tEst
iNfO1,INfo2
heLLo,bYe
teST,tEst
iNfO1,INfo2
heLLo,bYe
teST,tEst
iNfO1,INfo2
heLLo,bYe
teST,tEst
iNfO1,INfo2
heLLo,bYe
teST,tEst
iNfO1,INfo2
heLLo,bYe
teST,tEst
iNfO1,INfo2
heLLo,bYe
teST,tEst
iNfO1,INfo2
heLLo,bYe
teST,tEst
iNfO1,INfo2
heLLo,bYe
teST,tEst
iNfO1,INfo2
heLLo,bYe
teST,tEst
iNfO1,INfo2
heLLo,bYe
teST,tEst
iNfO1,INfo2
heLLo,bYe
teST,tEst
iNfO1,INfo2
heLLo,bYe
teST,tEst
iNfO1,INfo2
heLLo,bYe
teST,tEst
iNfO1,INfo2
heLLo,bYe
teST,tEst
iNfO1,INfo2
heLLo,bYe
teST,tEst
iNfO1,INfo2
heLLo,bYe
teST,tEst
iNfO1,INfo2
heLLo,bYe
teST,tEst
iNfO1,INfo2
heLLo,bYe
teST,tEst
iNfO1,INfo2
heLLo,bYe
teST,tEst
iNfO1,INfo2
heLLo,bYe
teST,tEst
iNfO1,INfo2
heLLo,bYe
teST,tEst
iNfO1,INfo2
heLLo,bYe
teST,tEst
iNfO1,INfo2
heLLo,bYe
teST,tEst
iNfO1,INfo2
heLLo,bYe
teST,tEst
iNfO1,INfo2
heLLo,bYe
teST,tEst
iNfO1,INfo2
heLLo,bYe
teST,tEst
iNfO1,INfo2
heLLo,bYe
teST,tEst
iNfO1,INfo2
heLLo,bYe
teST,tEst
iNfO1,INfo2
heLLo,bYe
teST,tEst
iNfO1,INfo2
heLLo,bYe
teST,tEst
iNfO1,INfo2
heLLo,bYe
teST,tEst
iNfO1,INfo2
heLLo,bYe
teST,tEst
iNfO1,INfo2
heLLo,bYe
teST,tEst
iNfO1,INfo2
heLLo,bYe
teST,tEst
iNfO1,INfo2
heLLo,bYe
teST,tEst
iNfO1,INfo2
heLLo,bYe
teST,tEst
iNfO1,INfo2
heLLo,bYe
teST,tEst
iNfO1,INfo2
heLLo,bYe
teST,tEst
iNfO1,INfo2
heLLo,bYe
teST,tEst
iNfO1,INfo2
heLLo,bYe
teST,tEst
iNfO1,INfo2
heLLo,bYe
teST,tEst
iNfO1,INfo2
heLLo,bYe
teST,tEst
iNfO1,INfo2
heLLo,bYe
teST,tEst
iNfO1,INfo2
heLLo,bYe
teST,tEst
iNfO1,INfo2
heLLo,bYe
teST,tEst
iNfO1,INfo2
heLLo,bYe
teST,tEst
iNfO1,INfo2
heLLo,bYe
teST,tEst
iNfO1,INfo2
heLLo,bYe
teST,tEst
iNfO1,INfo2
heLLo,bYe
teST,tEst
iNfO1,INfo2
heLLo,bYe
teST,tEst
iNfO1,INfo2
heLLo,bYe
teST,tEst
iNfO1,INfo2
heLLo,bYe
teST,tEst
iNfO1,INfo2
heLLo,bYe
teST,tEst
iNfO1,INfo2
heLLo,bYe
teST,tEst
iNfO1,INfo2
heLLo,bYe
teST,tEst
iNfO1,INfo2
heLLo,bYe
teST,tEst
iNfO1,INfo2
heLLo,bYe
teST,tEst
iNfO1,INfo2
heLLo,bYe
teST,tEst
iNfO1,INfo2
heLLo,bYe
teST,tEst
iNfO1,INfo2
heLLo,bYe
teST,tEst
iNfO1,INfo2
heLLo,bYe
teST,tEst
iNfO1,INfo2
heLLo,bYe
teST,tEst
iNfO1,INfo2
heLLo,bYe
teST,tEst
iNfO1,INfo2
heLLo,bYe
teST,tEst
iNfO1,INfo2
heLLo,bYe
teST,tEst
iNfO1,INfo2
heLLo,bYe
teST,tEst
iNfO1,INfo2
heLLo,bYe
teST,tEst
iNfO1,INfo2
heLLo,bYe
teST,tEst
iNfO1,INfo2
heLLo,bYe
teST,tEst
iNfO1,INfo2
heLLo,bYe
teST,tEst
iNfO1,INfo2
heLLo,bYe
teST,tEst
iNfO1,INfo2
heLLo,bYe
teST,tEst
iNfO1,INfo2
heLLo,bYe
teST,tEst
iNfO1,INfo2
heLLo,bYe
teST,tEst
iNfO1,INfo2
heLLo,bYe
teST,tEst
iNfO1,INfo2
heLLo,bYe
teST,tEst
iNfO1,INfo2
heLLo,bYe
teST,tEst
iNfO1,INfo2
heLLo,bYe
teST,tEst
iNfO1,INfo2
heLLo,bYe
heLLo,bYe
teST,tEst
iNfO1,INfo2
heLLo,bYe
teST,tEst
iNfO1,INfo2
heLLo,bYe
teST,tEst
iNfO1,INfo2
heLLo,bYe
teST,tEst
iNfO1,INfo2
heLLo,bYe
teST,tEst
iNfO1,INfo2
heLLo,bYe
teST,tEst
iNfO1,INfo2
heLLo,bYe
teST,tEst
iNfO1,INfo2
heLLo,bYe
teST,tEst
iNfO1,INfo2
heLLo,bYe
teST,tEst
iNfO1,INfo2
heLLo,bYe
teST,tEst
iNfO1,INfo2
heLLo,bYe
teST,tEst
iNfO1,INfo2
heLLo,bYe
teST,tEst
iNfO1,INfo2
heLLo,bYe
teST,tEst
iNfO1,INfo2
heLLo,bYe
teST,tEst
iNfO1,INfo2
heLLo,bYe
teST,tEst
iNfO1,INfo2
heLLo,bYe
teST,tEst
iNfO1,INfo2
heLLo,bYe
teST,tEst
iNfO1,INfo2
heLLo,bYe
teST,tEst
iNfO1,INfo2
heLLo,bYe
teST,tEst
iNfO1,INfo2
heLLo,bYe
teST,tEst
iNfO1,INfo2
heLLo,bYe
teST,tEst
iNfO1,INfo2
heLLo,bYe
teST,tEst
iNfO1,INfo2
heLLo,bYe
teST,tEst
iNfO1,INfo2
heLLo,bYe
teST,tEst
iNfO1,INfo2
heLLo,bYe
teST,tEst
iNfO1,INfo2
heLLo,bYe
teST,tEst
iNfO1,INfo2
heLLo,bYe
teST,tEst
iNfO1,INfo2
heLLo,bYe
teST,tEst
iNfO1,INfo2
heLLo,bYe
teST,tEst
teST,tEst
iNfO1,INfo2
heLLo,bYe
teST,tEst
iNfO1,INfo2
heLLo,bYe
teST,tEst
iNfO1,INfo2
heLLo,bYe
teST,tEst
iNfO1,INfo2
heLLo,bYe
teST,tEst
iNfO1,INfo2